{
  "fuzzy_a": 0.2,
  "fuzzy_b": 0.7,
  "mean_mu": 0.379427969455719,
  "median_mu": 0.3799157738685608,
  "min_mu": 0.0,
  "max_mu": 1.0
}