{
  "path": "data/assignment_ndvi_s2_2024_growing_season.tif",
  "driver": "GTiff",
  "width": 73,
  "height": 128,
  "count_bands": 1,
  "dtype": "float32",
  "crs": "EPSG:4326",
  "transform": "| 0.00, 0.00, 90.35|\n| 0.00,-0.00, 23.84|\n| 0.00, 0.00, 1.00|",
  "valid_pixels": 9344,
  "total_pixels": 9344,
  "pct_valid": 100.0,
  "min": -0.1411042958498001,
  "p01": -0.09929636120796204,
  "p05": -0.03702530264854431,
  "median": 0.38995790481567383,
  "mean": 0.353706955909729,
  "std": 0.21750539541244507,
  "p95": 0.6579648852348328,
  "p99": 0.7153762578964233,
  "max": 0.7983618378639221
}