path,driver,width,height,count_bands,dtype,crs,transform,valid_pixels,total_pixels,pct_valid,min,p01,p05,median,mean,std,p95,p99,max
data/assignment_ndvi_s2_2024_growing_season.tif,GTiff,73,128,1,float32,EPSG:4326,"| 0.00, 0.00, 90.35|
| 0.00,-0.00, 23.84|
| 0.00, 0.00, 1.00|",9344,9344,100.0,-0.1411042958498001,-0.09929636120796204,-0.03702530264854431,0.38995790481567383,0.353706955909729,0.21750539541244507,0.6579648852348328,0.7153762578964233,0.7983618378639221
